Nome,Sobrenome
Pessoa1388,Sobrenome1388
Pessoa145,Sobrenome145
Pessoa1520,Sobrenome1520
Pessoa1607,Sobrenome1607
Pessoa1630,Sobrenome1630
Pessoa169,Sobrenome169
Pessoa2182,Sobrenome2182
Pessoa2250,Sobrenome2250
Pessoa2279,Sobrenome2279
Pessoa24,Sobrenome24
Pessoa2645,Sobrenome2645
Pessoa2714,Sobrenome2714
Pessoa3145,Sobrenome3145
Pessoa3349,Sobrenome3349
Pessoa342,Sobrenome342
Pessoa3440,Sobrenome3440
Pessoa3702,Sobrenome3702
Pessoa391,Sobrenome391
Pessoa4345,Sobrenome4345
Pessoa4412,Sobrenome4412
Pessoa4507,Sobrenome4507
Pessoa4642,Sobrenome4642
Pessoa4724,Sobrenome4724
Pessoa4897,Sobrenome4897
Pessoa5074,Sobrenome5074
Pessoa5085,Sobrenome5085
Pessoa5116,Sobrenome5116
Pessoa5150,Sobrenome5150
Pessoa5469,Sobrenome5469
Pessoa5539,Sobrenome5539
Pessoa5798,Sobrenome5798
Pessoa5896,Sobrenome5896
Pessoa621,Sobrenome621
Pessoa6426,Sobrenome6426
Pessoa6685,Sobrenome6685
Pessoa6778,Sobrenome6778
Pessoa6892,Sobrenome6892
Pessoa73,Sobrenome73
Pessoa7571,Sobrenome7571
Pessoa7916,Sobrenome7916
Pessoa8171,Sobrenome8171
Pessoa8316,Sobrenome8316
Pessoa8499,Sobrenome8499
Pessoa8576,Sobrenome8576
Pessoa8853,Sobrenome8853
Pessoa8912,Sobrenome8912
Pessoa904,Sobrenome904
Pessoa933,Sobrenome933
Pessoa9760,Sobrenome9760
Pessoa9951,Sobrenome9951
